<font>
    <info face="keyboard" size="72" bold="0" italic="0" charset="utf8" unicode="1" stretchH="1" smooth="1" aa="1" padding="2,2,2,2" spacing="0,0" outline="0"/>
    <common lineHeight="96" base="52" scaleW="1024" scaleH="256" pages="1" packed="0"/>
    <pages>
        <page id="0" file="keyboard.png"/>
    </pages>
    <chars count="19">
        <char id="48" x="2" y="2" width="40" height="50" xoffset="0" yoffset="0" xadvance=" 40" page="0" chnl="0" letter="0" />
        <char id="49" x="44" y="2" width="25" height="50" xoffset="0" yoffset="0" xadvance="40" page="0" chnl="0" letter="1" />
        <char id="50" x="71" y="2" width="40" height="50" xoffset="0" yoffset="0" xadvance="40" page="0" chnl="0" letter="2" />
        <char id="51" x="113" y="2" width="40" height="50" xoffset="0" yoffset="0" xadvance="40" page="0" chnl="0" letter="3" />
        <char id="52" x="155" y="2" width="40" height="50" xoffset="0" yoffset="0" xadvance="40" page="0" chnl="0" letter="4" />
        <char id="53" x="197" y="2" width="40" height="50" xoffset="0" yoffset="0" xadvance="40" page="0" chnl="0" letter="5" />
        <char id="54" x="239" y="2" width="40" height="50" xoffset="0" yoffset="0" xadvance="40" page="0" chnl="0" letter="6" />
        <char id="55" x="281" y="2" width="40" height="50" xoffset="0" yoffset="0" xadvance="40" page="0" chnl="0" letter="7" />
        <char id="56" x="323" y="2" width="40" height="50" xoffset="0" yoffset="0" xadvance="40" page="0" chnl="0" letter="8" />
        <char id="57" x="365" y="2" width="40" height="50" xoffset="0" yoffset="0" xadvance="40" page="0" chnl="0" letter="9" />
        <char id="97" x="407" y="2" width="40" height="70" xoffset="0" yoffset="0" xadvance=" 40" page="0" chnl="0" letter="a" />
        <char id="98" x="449" y="2" width="40" height="55" xoffset="0" yoffset="0" xadvance="40" page="0" chnl="0" letter="b" />
        <char id="99" x="491" y="2" width="40" height="70" xoffset="0" yoffset="0" xadvance="40" page="0" chnl="0" letter="c" />
        <char id="100" x="533" y="2" width="40" height="55" xoffset="0" yoffset="0" xadvance="40" page="0" chnl="0" letter="d" />
        <char id="101" x="575" y="2" width="40" height="70" xoffset="0" yoffset="0" xadvance="40" page="0" chnl="0" letter="e" />
        <char id="102" x="617" y="2" width="35" height="55" xoffset="0" yoffset="0" xadvance="40" page="0" chnl="0" letter="f" />
        <char id="103" x="654" y="2" width="40" height="70" xoffset="0" yoffset="0" xadvance="40" page="0" chnl="0" letter="g" />
        <char id="104" x="696" y="2" width="40" height="55" xoffset="0" yoffset="0" xadvance="40" page="0" chnl="0" letter="h" />
        <char id="105" x="738" y="2" width="20" height="55" xoffset="0" yoffset="0" xadvance="40" page="0" chnl="0" letter="i" />
        <char id="106" x="760" y="2" width="40" height="70" xoffset="0" yoffset="0" xadvance="40" page="0" chnl="0" letter="j" />
        <char id="107" x="802" y="2" width="40" height="55" xoffset="0" yoffset="0" xadvance="40" page="0" chnl="0" letter="k" />
        <char id="108" x="844" y="2" width="20" height="55" xoffset="0" yoffset="0" xadvance="40" page="0" chnl="0" letter="l" />
        <char id="109" x="866" y="2" width="60" height="70" xoffset="0" yoffset="0" xadvance="40" page="0" chnl="0" letter="m" />
        <char id="110" x="928" y="2" width="40" height="70" xoffset="0" yoffset="0" xadvance="40" page="0" chnl="0" letter="n" />
        <char id="111" x="970" y="2" width="40" height="70" xoffset="0" yoffset="0" xadvance="40" page="0" chnl="0" letter="o" />
        <char id="112" x="2" y="74" width="40" height="70" xoffset="0" yoffset="0" xadvance="40" page="0" chnl="0" letter="p" />
        <char id="113" x="44" y="74" width="40" height="70" xoffset="0" yoffset="0" xadvance="40" page="0" chnl="0" letter="q" />
        <char id="114" x="86" y="74" width="40" height="70" xoffset="0" yoffset="0" xadvance="40" page="0" chnl="0" letter="r" />
        <char id="115" x="128" y="74" width="40" height="70" xoffset="0" yoffset="0" xadvance="40" page="0" chnl="0" letter="s" />
        <char id="116" x="170" y="74" width="30" height="55" xoffset="0" yoffset="0" xadvance="40" page="0" chnl="0" letter="t" />
        <char id="117" x="202" y="74" width="40" height="70" xoffset="0" yoffset="0" xadvance="40" page="0" chnl="0" letter="u" />
        <char id="118" x="244" y="74" width="40" height="70" xoffset="0" yoffset="0" xadvance="40" page="0" chnl="0" letter="v" />
        <char id="119" x="287" y="74" width="60" height="70" xoffset="0" yoffset="0" xadvance="40" page="0" chnl="0" letter="w" />
        <char id="120" x="348" y="74" width="40" height="70" xoffset="0" yoffset="0" xadvance="40" page="0" chnl="0" letter="x" />
        <char id="121" x="390" y="74" width="40" height="70" xoffset="0" yoffset="0" xadvance="40" page="0" chnl="0" letter="y" />
        <char id="122" x="432" y="74" width="40" height="70" xoffset="0" yoffset="0" xadvance="40" page="0" chnl="0" letter="z" />

    </chars>
</font>