<font>
  <info face="numboard" size="72" bold="0" italic="0" charset="utf8" unicode="1" stretchH="100" smooth="100" aa="1" padding="2,2,2,2" spacing="4,4" outline="0"/>
  <common lineHeight="96" base="52" scaleW="570" scaleH="61" pages="1" packed="0"/>
  <pages>
    <page id="0" file="numboard.png"/>
  </pages>
  <chars count="17">
    <char id="48" x="2" y="2" width="44" height="56" xoffset="0" yoffset="0" xadvance="44" page="0" chnl="0" letter="0" />
    <char id="49" x="48" y="2" width="23" height="56" xoffset="0" yoffset="0" xadvance="23" page="0" chnl="0" letter="1" />
    <char id="50" x="73" y="2" width="37" height="56" xoffset="0" yoffset="0" xadvance="37" page="0" chnl="0" letter="2" />
    <char id="51" x="112" y="2" width="37" height="56" xoffset="0" yoffset="0" xadvance="37" page="0" chnl="0" letter="3" />
    <char id="52" x="151" y="2" width="44" height="56" xoffset="0" yoffset="0" xadvance="44" page="0" chnl="0" letter="4" />
    <char id="53" x="197" y="2" width="37" height="56" xoffset="0" yoffset="0" xadvance="37" page="0" chnl="0" letter="5" />
    <char id="54" x="236" y="2" width="38" height="57" xoffset="0" yoffset="0" xadvance="38" page="0" chnl="0" letter="6" />
    <char id="55" x="276" y="2" width="36" height="56" xoffset="0" yoffset="0" xadvance="36" page="0" chnl="0" letter="7" />
    <char id="56" x="314" y="2" width="38" height="56" xoffset="0" yoffset="0" xadvance="38" page="0" chnl="0" letter="8" />
    <char id="57" x="354" y="2" width="38" height="56" xoffset="0" yoffset="0" xadvance="38" page="0" chnl="0" letter="9" />
    <char id="43" x="523" y="2" width="42" height="48" xoffset="0" yoffset="8" xadvance="42" page="0" chnl="0" letter="+" />
    <char id="45" x="445" y="2" width="37" height="23" xoffset="0" yoffset="16" xadvance="37" page="0" chnl="0" letter="-" />
    <char id="42" x="484" y="2" width="37" height="42" xoffset="0" yoffset="8" xadvance="37" page="0" chnl="0" letter="*" />
    <char id="47" x="394" y="2" width="32" height="47" xoffset="0" yoffset="6" xadvance="32" page="0" chnl="0" letter="/" />
    <char id="46" x="428" y="2" width="15" height="13" xoffset="0" yoffset="39" xadvance="15" page="0" chnl="0" letter="."/>

    <!--<char id="38" x="750" y="2" width="20" height="16" xoffset="0" yoffset="15" xadvance="20" page="0" chnl="0" letter="space" />-->
    <char id="32" x="567" y="2" width="1" height="1" xoffset="23" yoffset="81" xadvance="23" page="0" chnl="0" letter="space"/>
  </chars>
</font>