<font>
  <info face="numOk" size="72" bold="0" italic="0" charset="utf8" unicode="1" stretchH="1" smooth="1" aa="1" padding="2,2,2,2" spacing="4,4" outline="0"/>
  <common lineHeight="96" base="52" scaleW="256" scaleH="256" pages="1" packed="0"/>
  <pages>
    <page id="0" file="numOk.png"/>
  </pages>
  <chars count="16">
    <char id="48" x="57" y="69" width="58" height="65" xoffset="0" yoffset="0" xadvance="61" page="0" chnl="0" letter="0" />
    <char id="49" x="117" y="69" width="39" height="65" xoffset="0" yoffset="0" xadvance="42" page="0" chnl="0" letter="1" />
    <char id="50" x="56" y="136" width="52" height="64" xoffset="0" yoffset="0" xadvance="55" page="0" chnl="0" letter="2" />
    <char id="51" x="2" y="136" width="52" height="65" xoffset="0" yoffset="0" xadvance="55" page="0" chnl="0" letter="3" />
    <char id="52" x="158" y="69" width="54" height="65" xoffset="0" yoffset="0" xadvance="57" page="0" chnl="0" letter="4" />
    <char id="53" x="2" y="2" width="51" height="65" xoffset="0" yoffset="0" xadvance="54" page="0" chnl="0" letter="5" />
    <char id="54" x="55" y="2" width="55" height="65" xoffset="0" yoffset="0" xadvance="58" page="0" chnl="0" letter="6" />
    <char id="55" x="161" y="2" width="57" height="65" xoffset="0" yoffset="0" xadvance="60" page="0" chnl="0" letter="7" />
    <char id="56" x="112" y="2" width="47" height="65" xoffset="0" yoffset="0" xadvance="50" page="0" chnl="0" letter="8" />
    <char id="57" x="2" y="69" width="53" height="65" xoffset="0" yoffset="0" xadvance="56" page="0" chnl="0" letter="9" />
    <char id="43" x="2" y="203" width="39" height="40" xoffset="0" yoffset="12" xadvance="39" page="0" chnl="0" letter="+" />
    <char id="45" x="70" y="203" width="30" height="19" xoffset="0" yoffset="20" xadvance="30" page="0" chnl="0" letter="-" />
    <char id="42" x="151" y="136" width="40" height="41" xoffset="0" yoffset="12" xadvance="40" page="0" chnl="0" letter="*" />
    <char id="47" x="43" y="203" width="25" height="39" xoffset="0" yoffset="12" xadvance="25" page="0" chnl="0" letter="/" />
    <!--<char id="46" x="428" y="2" width="15" height="13"" xoffset="0" yoffset="39" xadvance="15" page="0" chnl="0" letter="."/>-->

    <!--<char id="38" x="750" y="2" width="20" height="16" xoffset="0" yoffset="15" xadvance="20" page="0" chnl="0" letter="space" />-->
    <char id="32" x="127" y="203" width="1" height="1" xoffset="23" yoffset="81" xadvance="23" page="0" chnl="0" letter="space"/>
  </chars>
</font>