{"frames": [

{
	"filename": "00.png",
	"frame": {"x":2,"y":2,"w":50,"h":63},
	"rotated": false,
	"trimmed": true,
	"spriteSourceSize": {"x":15,"y":18,"w":50,"h":63},
	"sourceSize": {"w":79,"h":92},
	"pivot": {"x":0.5,"y":0.5}
},
{
	"filename": "01.png",
	"frame": {"x":54,"y":2,"w":25,"h":61},
	"rotated": false,
	"trimmed": true,
	"spriteSourceSize": {"x":27,"y":19,"w":25,"h":61},
	"sourceSize": {"w":79,"h":92},
	"pivot": {"x":0.5,"y":0.5}
},
{
	"filename": "02.png",
	"frame": {"x":81,"y":2,"w":43,"h":63},
	"rotated": false,
	"trimmed": true,
	"spriteSourceSize": {"x":18,"y":18,"w":43,"h":63},
	"sourceSize": {"w":79,"h":92},
	"pivot": {"x":0.5,"y":0.5}
},
{
	"filename": "03.png",
	"frame": {"x":126,"y":2,"w":42,"h":63},
	"rotated": false,
	"trimmed": true,
	"spriteSourceSize": {"x":18,"y":18,"w":42,"h":63},
	"sourceSize": {"w":79,"h":92},
	"pivot": {"x":0.5,"y":0.5}
},
{
	"filename": "04.png",
	"frame": {"x":170,"y":2,"w":51,"h":63},
	"rotated": false,
	"trimmed": true,
	"spriteSourceSize": {"x":14,"y":17,"w":51,"h":63},
	"sourceSize": {"w":79,"h":92},
	"pivot": {"x":0.5,"y":0.5}
},
{
	"filename": "05.png",
	"frame": {"x":2,"y":67,"w":42,"h":61},
	"rotated": false,
	"trimmed": true,
	"spriteSourceSize": {"x":18,"y":19,"w":42,"h":61},
	"sourceSize": {"w":79,"h":92},
	"pivot": {"x":0.5,"y":0.5}
},
{
	"filename": "06.png",
	"frame": {"x":46,"y":67,"w":44,"h":63},
	"rotated": false,
	"trimmed": true,
	"spriteSourceSize": {"x":18,"y":18,"w":44,"h":63},
	"sourceSize": {"w":79,"h":92},
	"pivot": {"x":0.5,"y":0.5}
},
{
	"filename": "07.png",
	"frame": {"x":92,"y":67,"w":42,"h":61},
	"rotated": false,
	"trimmed": true,
	"spriteSourceSize": {"x":18,"y":19,"w":42,"h":61},
	"sourceSize": {"w":79,"h":92},
	"pivot": {"x":0.5,"y":0.5}
},
{
	"filename": "08.png",
	"frame": {"x":136,"y":67,"w":44,"h":63},
	"rotated": false,
	"trimmed": true,
	"spriteSourceSize": {"x":18,"y":18,"w":44,"h":63},
	"sourceSize": {"w":79,"h":92},
	"pivot": {"x":0.5,"y":0.5}
},
{
	"filename": "09.png",
	"frame": {"x":182,"y":67,"w":44,"h":64},
	"rotated": false,
	"trimmed": true,
	"spriteSourceSize": {"x":18,"y":18,"w":44,"h":64},
	"sourceSize": {"w":79,"h":92},
	"pivot": {"x":0.5,"y":0.5}
},
{
	"filename": "comma.png",
	"frame": {"x":228,"y":67,"w":20,"h":29},
	"rotated": false,
	"trimmed": true,
	"spriteSourceSize": {"x":28,"y":57,"w":20,"h":29},
	"sourceSize": {"w":79,"h":92},
	"pivot": {"x":0.5,"y":0.5}
},
{
	"filename": "dot.png",
	"frame": {"x":2,"y":133,"w":17,"h":42},
	"rotated": false,
	"trimmed": true,
	"spriteSourceSize": {"x":31,"y":39,"w":17,"h":42},
	"sourceSize": {"w":79,"h":92},
	"pivot": {"x":0.5,"y":0.5}
},
{
	"filename": "minus.png",
	"frame": {"x":21,"y":133,"w":26,"h":16},
	"rotated": false,
	"trimmed": true,
	"spriteSourceSize": {"x":26,"y":45,"w":26,"h":16},
	"sourceSize": {"w":79,"h":92},
	"pivot": {"x":0.5,"y":0.5}
},
{
	"filename": "plus.png",
	"frame": {"x":49,"y":133,"w":41,"h":45},
	"rotated": false,
	"trimmed": true,
	"spriteSourceSize": {"x":19,"y":30,"w":41,"h":45},
	"sourceSize": {"w":79,"h":92},
	"pivot": {"x":0.5,"y":0.5}
},
{
	"filename": "space.png",
	"frame": {"x":92,"y":133,"w":1,"h":1},
	"rotated": false,
	"trimmed": true,
	"spriteSourceSize": {"x":0,"y":0,"w":1,"h":1},
	"sourceSize": {"w":3,"h":2},
	"pivot": {"x":0.5,"y":0.5}
}],
"meta": {
	"app": "http://www.codeandweb.com/texturepacker",
	"version": "1.0",
	"image": "numOption.png",
	"format": "RGBA8888",
	"size": {"w":256,"h":256},
	"scale": "1",
	"smartupdate": "$TexturePacker:SmartUpdate:174a7af14a06e8a658a12dfbda2c0b70:689153c3cf9ba25ac6efa50f0aa2147e:10eb2f0022445335a0964ee8095a8d2b$"
}
}
