{"frames": [

{
	"filename": "00.png",
	"frame": {"x":2,"y":2,"w":40,"h":58},
	"rotated": false,
	"trimmed": true,
	"spriteSourceSize": {"x":19,"y":17,"w":40,"h":58},
	"sourceSize": {"w":79,"h":92},
	"pivot": {"x":0.5,"y":0.5}
},
{
	"filename": "01.png",
	"frame": {"x":2,"y":62,"w":24,"h":57},
	"rotated": false,
	"trimmed": true,
	"spriteSourceSize": {"x":28,"y":18,"w":24,"h":57},
	"sourceSize": {"w":79,"h":92},
	"pivot": {"x":0.5,"y":0.5}
},
{
	"filename": "02.png",
	"frame": {"x":2,"y":121,"w":37,"h":57},
	"rotated": false,
	"trimmed": true,
	"spriteSourceSize": {"x":22,"y":18,"w":37,"h":57},
	"sourceSize": {"w":79,"h":92},
	"pivot": {"x":0.5,"y":0.5}
},
{
	"filename": "03.png",
	"frame": {"x":2,"y":180,"w":35,"h":58},
	"rotated": false,
	"trimmed": true,
	"spriteSourceSize": {"x":22,"y":17,"w":35,"h":58},
	"sourceSize": {"w":79,"h":92},
	"pivot": {"x":0.5,"y":0.5}
},
{
	"filename": "04.png",
	"frame": {"x":2,"y":240,"w":42,"h":56},
	"rotated": false,
	"trimmed": true,
	"spriteSourceSize": {"x":19,"y":18,"w":42,"h":56},
	"sourceSize": {"w":79,"h":92},
	"pivot": {"x":0.5,"y":0.5}
},
{
	"filename": "05.png",
	"frame": {"x":2,"y":298,"w":35,"h":57},
	"rotated": false,
	"trimmed": true,
	"spriteSourceSize": {"x":23,"y":18,"w":35,"h":57},
	"sourceSize": {"w":79,"h":92},
	"pivot": {"x":0.5,"y":0.5}
},
{
	"filename": "06.png",
	"frame": {"x":2,"y":357,"w":39,"h":58},
	"rotated": false,
	"trimmed": true,
	"spriteSourceSize": {"x":19,"y":17,"w":39,"h":58},
	"sourceSize": {"w":79,"h":92},
	"pivot": {"x":0.5,"y":0.5}
},
{
	"filename": "07.png",
	"frame": {"x":2,"y":417,"w":39,"h":56},
	"rotated": false,
	"trimmed": true,
	"spriteSourceSize": {"x":20,"y":18,"w":39,"h":56},
	"sourceSize": {"w":79,"h":92},
	"pivot": {"x":0.5,"y":0.5}
},
{
	"filename": "08.png",
	"frame": {"x":2,"y":475,"w":39,"h":58},
	"rotated": false,
	"trimmed": true,
	"spriteSourceSize": {"x":20,"y":17,"w":39,"h":58},
	"sourceSize": {"w":79,"h":92},
	"pivot": {"x":0.5,"y":0.5}
},
{
	"filename": "09.png",
	"frame": {"x":2,"y":535,"w":39,"h":58},
	"rotated": false,
	"trimmed": true,
	"spriteSourceSize": {"x":20,"y":17,"w":39,"h":58},
	"sourceSize": {"w":79,"h":92},
	"pivot": {"x":0.5,"y":0.5}
},
{
	"filename": "Slash.png",
	"frame": {"x":2,"y":595,"w":38,"h":65},
	"rotated": false,
	"trimmed": true,
	"spriteSourceSize": {"x":21,"y":14,"w":38,"h":65},
	"sourceSize": {"w":79,"h":92},
	"pivot": {"x":0.5,"y":0.5}
},
{
	"filename": "chia.png",
	"frame": {"x":2,"y":662,"w":15,"h":41},
	"rotated": false,
	"trimmed": true,
	"spriteSourceSize": {"x":32,"y":34,"w":15,"h":41},
	"sourceSize": {"w":79,"h":92},
	"pivot": {"x":0.5,"y":0.5}
},
{
	"filename": "comma.png",
	"frame": {"x":19,"y":662,"w":16,"h":20},
	"rotated": false,
	"trimmed": true,
	"spriteSourceSize": {"x":32,"y":64,"w":16,"h":20},
	"sourceSize": {"w":79,"h":92},
	"pivot": {"x":0.5,"y":0.5}
},
{
	"filename": "dot.png",
	"frame": {"x":2,"y":705,"w":15,"h":13},
	"rotated": false,
	"trimmed": true,
	"spriteSourceSize": {"x":32,"y":62,"w":15,"h":13},
	"sourceSize": {"w":79,"h":92},
	"pivot": {"x":0.5,"y":0.5}
},
{
	"filename": "minus.png",
	"frame": {"x":19,"y":705,"w":21,"h":9},
	"rotated": false,
	"trimmed": true,
	"spriteSourceSize": {"x":29,"y":42,"w":21,"h":9},
	"sourceSize": {"w":79,"h":92},
	"pivot": {"x":0.5,"y":0.5}
},
{
	"filename": "multiply.png",
	"frame": {"x":2,"y":720,"w":43,"h":40},
	"rotated": false,
	"trimmed": true,
	"spriteSourceSize": {"x":18,"y":35,"w":43,"h":40},
	"sourceSize": {"w":79,"h":92},
	"pivot": {"x":0.5,"y":0.5}
},
{
	"filename": "plus.png",
	"frame": {"x":2,"y":762,"w":37,"h":38},
	"rotated": false,
	"trimmed": true,
	"spriteSourceSize": {"x":21,"y":32,"w":37,"h":38},
	"sourceSize": {"w":79,"h":92},
	"pivot": {"x":0.5,"y":0.5}
},
{
	"filename": "space.png",
	"frame": {"x":41,"y":762,"w":1,"h":1},
	"rotated": false,
	"trimmed": true,
	"spriteSourceSize": {"x":0,"y":0,"w":1,"h":1},
	"sourceSize": {"w":3,"h":2},
	"pivot": {"x":0.5,"y":0.5}
}],
"meta": {
	"app": "http://www.codeandweb.com/texturepacker",
	"version": "1.0",
	"image": "numSeoUI.png",
	"format": "RGBA8888",
	"size": {"w":47,"h":802},
	"scale": "1",
	"smartupdate": "$TexturePacker:SmartUpdate:53069d4b5c329cb84f5b0f25435172be:91ddaa3e228d3e2b68e1f6c692ad55ce:adb999a98bf35f629cc70262a7b1ba20$"
}
}
