<font>
  <info face="num" size="72" bold="0" italic="0" charset="utf8" unicode="1" stretchH="100" smooth="100" aa="1" padding="2,2,2,2" spacing="0,0" outline="0"/>
  <common lineHeight="96" base="52" scaleW="47" scaleH="802" pages="1" packed="0"/>
  <pages>
    <page id="0" file="numSeoUIBold.png"/>
  </pages>
  <chars count="19">
    <char id="48" x="2" y="2" width="40" height="58" xoffset="0" yoffset="0" xadvance="43" page="0" chnl="0" letter="0" />
    <char id="49" x="2" y="62" width="24" height="57" xoffset="0" yoffset="0" xadvance="27" page="0" chnl="0" letter="1" />
    <char id="50" x="2" y="121" width="37" height="57" xoffset="0" yoffset="0" xadvance="40" page="0" chnl="0" letter="2" />
    <char id="51" x="2" y="180" width="35" height="58" xoffset="0" yoffset="0" xadvance="38" page="0" chnl="0" letter="3" />
    <char id="52" x="2" y="240" width="42" height="56" xoffset="0" yoffset="0" xadvance="45" page="0" chnl="0" letter="4" />
    <char id="53" x="2" y="298" width="35" height="57" xoffset="0" yoffset="0" xadvance="38" page="0" chnl="0" letter="5" />
    <char id="54" x="2" y="357" width="39" height="58" xoffset="0" yoffset="0" xadvance="42" page="0" chnl="0" letter="6" />
    <char id="55" x="2" y="417" width="39" height="56" xoffset="0" yoffset="0" xadvance="42" page="0" chnl="0" letter="7" />
    <char id="56" x="2" y="475" width="39" height="58" xoffset="0" yoffset="0" xadvance="42" page="0" chnl="0" letter="8" />
    <char id="57" x="2" y="535" width="39" height="58" xoffset="0" yoffset="0" xadvance="42" page="0" chnl="0" letter="9" />
    <char id="43" x="2" y="762" width="37" height="38" xoffset="0" yoffset="14" xadvance="40" page="0" chnl="0" letter="+" />
    <char id="45" x="19" y="705" width="21" height="9" xoffset="0" yoffset="16" xadvance="24" page="0" chnl="0" letter="-" />
    <char id="120" x="2" y="720" width="43" height="40" xoffset="0" yoffset="16" xadvance="46" page="0" chnl="0" letter="x" />
    <char id="58" x="2" y="662" width="15" height="41" xoffset="0" yoffset="11" xadvance="18" page="0" chnl="0" letter=":" />
    <char id="46" x="2" y="705" width="15" height="13" xoffset="0" yoffset="43" xadvance="18" page="0" chnl="0" letter="." />
    <char id="61" x="41" y="762" width="1" height="1" xoffset="23" yoffset="81" xadvance="23" page="0" chnl="0" letter="space"/>
    <char id="47" x="2" y="595" width="38" height="65" xoffset="0" yoffset="0" xadvance="39" page="0" chnl="0" letter="/"/>
    <char id="44" x="19" y="662" width="16" height="20" xoffset="0" yoffset="43" xadvance="17" page="0" chnl="0" letter=","/>

  </chars>
</font>