{"frames": [

{
	"filename": "00.png",
	"frame": {"x":2,"y":2,"w":75,"h":88},
	"rotated": false,
	"trimmed": true,
	"spriteSourceSize": {"x":0,"y":0,"w":75,"h":88},
	"sourceSize": {"w":79,"h":92},
	"pivot": {"x":0.5,"y":0.5}
},
{
	"filename": "01.png",
	"frame": {"x":79,"y":2,"w":72,"h":90},
	"rotated": false,
	"trimmed": true,
	"spriteSourceSize": {"x":4,"y":1,"w":72,"h":90},
	"sourceSize": {"w":79,"h":92},
	"pivot": {"x":0.5,"y":0.5}
},
{
	"filename": "02.png",
	"frame": {"x":153,"y":2,"w":76,"h":90},
	"rotated": false,
	"trimmed": true,
	"spriteSourceSize": {"x":0,"y":1,"w":76,"h":90},
	"sourceSize": {"w":79,"h":92},
	"pivot": {"x":0.5,"y":0.5}
},
{
	"filename": "03.png",
	"frame": {"x":231,"y":2,"w":79,"h":90},
	"rotated": false,
	"trimmed": true,
	"spriteSourceSize": {"x":0,"y":0,"w":79,"h":90},
	"sourceSize": {"w":79,"h":92},
	"pivot": {"x":0.5,"y":0.5}
},
{
	"filename": "04.png",
	"frame": {"x":312,"y":2,"w":76,"h":88},
	"rotated": false,
	"trimmed": true,
	"spriteSourceSize": {"x":0,"y":1,"w":76,"h":88},
	"sourceSize": {"w":79,"h":92},
	"pivot": {"x":0.5,"y":0.5}
},
{
	"filename": "05.png",
	"frame": {"x":390,"y":2,"w":79,"h":91},
	"rotated": false,
	"trimmed": true,
	"spriteSourceSize": {"x":0,"y":0,"w":79,"h":91},
	"sourceSize": {"w":79,"h":92},
	"pivot": {"x":0.5,"y":0.5}
},
{
	"filename": "06.png",
	"frame": {"x":471,"y":2,"w":79,"h":88},
	"rotated": false,
	"trimmed": true,
	"spriteSourceSize": {"x":0,"y":1,"w":79,"h":88},
	"sourceSize": {"w":79,"h":92},
	"pivot": {"x":0.5,"y":0.5}
},
{
	"filename": "07.png",
	"frame": {"x":552,"y":2,"w":76,"h":89},
	"rotated": false,
	"trimmed": true,
	"spriteSourceSize": {"x":0,"y":0,"w":76,"h":89},
	"sourceSize": {"w":79,"h":92},
	"pivot": {"x":0.5,"y":0.5}
},
{
	"filename": "08.png",
	"frame": {"x":630,"y":2,"w":74,"h":87},
	"rotated": false,
	"trimmed": true,
	"spriteSourceSize": {"x":0,"y":1,"w":74,"h":87},
	"sourceSize": {"w":79,"h":92},
	"pivot": {"x":0.5,"y":0.5}
},
{
	"filename": "09.png",
	"frame": {"x":706,"y":2,"w":79,"h":89},
	"rotated": false,
	"trimmed": true,
	"spriteSourceSize": {"x":0,"y":1,"w":79,"h":89},
	"sourceSize": {"w":79,"h":92},
	"pivot": {"x":0.5,"y":0.5}
},
{
	"filename": "comma.png",
	"frame": {"x":787,"y":2,"w":49,"h":49},
	"rotated": false,
	"trimmed": true,
	"spriteSourceSize": {"x":15,"y":43,"w":49,"h":49},
	"sourceSize": {"w":79,"h":92},
	"pivot": {"x":0.5,"y":0.5}
},
{
	"filename": "dot.png",
	"frame": {"x":838,"y":2,"w":42,"h":60},
	"rotated": false,
	"trimmed": true,
	"spriteSourceSize": {"x":19,"y":28,"w":42,"h":60},
	"sourceSize": {"w":79,"h":92},
	"pivot": {"x":0.5,"y":0.5}
},
{
	"filename": "plus.png",
	"frame": {"x":882,"y":2,"w":65,"h":63},
	"rotated": false,
	"trimmed": true,
	"spriteSourceSize": {"x":8,"y":17,"w":65,"h":63},
	"sourceSize": {"w":79,"h":92},
	"pivot": {"x":0.5,"y":0.5}
},
{
	"filename": "plus1.png",
	"frame": {"x":949,"y":2,"w":37,"h":38},
	"rotated": false,
	"trimmed": true,
	"spriteSourceSize": {"x":21,"y":32,"w":37,"h":38},
	"sourceSize": {"w":79,"h":92},
	"pivot": {"x":0.5,"y":0.5}
},
{
	"filename": "space.png",
	"frame": {"x":988,"y":2,"w":1,"h":1},
	"rotated": false,
	"trimmed": true,
	"spriteSourceSize": {"x":0,"y":0,"w":1,"h":1},
	"sourceSize": {"w":3,"h":2},
	"pivot": {"x":0.5,"y":0.5}
}],
"meta": {
	"app": "http://www.codeandweb.com/texturepacker",
	"version": "1.0",
	"image": "numBlue.png",
	"format": "RGBA8888",
	"size": {"w":991,"h":95},
	"scale": "1",
	"smartupdate": "$TexturePacker:SmartUpdate:ac9a845501f3b6f1828a8ecf15d6b634:14ebead1630483082519d35daaa28cf3:02091870d43737907508bd0a63001086$"
}
}
