<font>
  <info face="numGreen" size="72" bold="0" italic="0" charset="utf8" unicode="1" stretchH="0" smooth="1" aa="1" padding="2,2,2,2" spacing="4,4" outline="0"/>
  <common lineHeight="96" base="52" scaleW="952" scaleH="95" pages="1" packed="0"/>
  <pages>
    <page id="0" file="numGreen.png"/>
  </pages>
  <chars count="15">
    <char id="48" x="2" y="2" width="75" height="88" xoffset="0" yoffset="0" xadvance="55" page="0" chnl="0" letter="0" />
    <char id="49" x="79" y="2" width="72" height="90" xoffset="0" yoffset="0" xadvance="52" page="0" chnl="0" letter="1" />
    <char id="50" x="153" y="2" width="76" height="90" xoffset="0" yoffset="0" xadvance="56" page="0" chnl="0" letter="2" />
    <char id="51" x="231" y="2" width="79" height="90" xoffset="0" yoffset="0" xadvance="59" page="0" chnl="0" letter="3" />
    <char id="52" x="312" y="2" width="76" height="88" xoffset="0" yoffset="0" xadvance="56" page="0" chnl="0" letter="4" />
    <char id="53" x="390" y="2" width="79" height="91" xoffset="0" yoffset="0" xadvance="59" page="0" chnl="0" letter="5" />
    <char id="54" x="471" y="2" width="79" height="88" xoffset="0" yoffset="0" xadvance="59" page="0" chnl="0" letter="6" />
    <char id="55" x="552" y="2" width="76" height="89" xoffset="0" yoffset="0" xadvance="56" page="0" chnl="0" letter="7" />
    <char id="56" x="630" y="2" width="74" height="87" xoffset="0" yoffset="0" xadvance="54" page="0" chnl="0" letter="8" />
    <char id="57" x="706" y="2" width="79" height="89" xoffset="0" yoffset="0" xadvance="59" page="0" chnl="0" letter="9" />
    <char id="43" x="882" y="2" width="65" height="63" xoffset="0" yoffset="23" xadvance="65" page="0" chnl="0" letter="+" />
      <!--  <char id="45" x="445" y="2" width="37" height="23" xoffset="0" yoffset="16" xadvance="37" page="0" chnl="0" letter="-" />
       <char id="120" x="484" y="2" width="37" height="42" xoffset="0" yoffset="8" xadvance="37" page="0" chnl="0" letter="x" />
       <char id="46" x="428" y="2" width="15" height="13" xoffset="0" yoffset="39" xadvance="15" page="0" chnl="0" letter="."/>-->

    <char id="58" x="838" y="2" width="42" height="60" xoffset="0" yoffset="11" xadvance="22" page="0" chnl="0" letter=":" />
    <char id="61" x="949" y="2" width="1" height="1" xoffset="23" yoffset="81" xadvance="1" page="0" chnl="0" letter="space"/>
    <char id="44" x="787" y="2" width="49" height="49" xoffset="0" yoffset="43" xadvance="29" page="0" chnl="0" letter=","/>
  </chars>
</font>