{"frames": [

{
	"filename": "0.png",
	"frame": {"x":57,"y":69,"w":58,"h":65},
	"rotated": false,
	"trimmed": true,
	"spriteSourceSize": {"x":3,"y":0,"w":58,"h":65},
	"sourceSize": {"w":65,"h":65},
	"pivot": {"x":0.5,"y":0.5}
},
{
	"filename": "1.png",
	"frame": {"x":117,"y":69,"w":39,"h":65},
	"rotated": false,
	"trimmed": true,
	"spriteSourceSize": {"x":10,"y":0,"w":39,"h":65},
	"sourceSize": {"w":65,"h":65},
	"pivot": {"x":0.5,"y":0.5}
},
{
	"filename": "2.png",
	"frame": {"x":56,"y":136,"w":52,"h":64},
	"rotated": false,
	"trimmed": true,
	"spriteSourceSize": {"x":6,"y":0,"w":52,"h":64},
	"sourceSize": {"w":65,"h":65},
	"pivot": {"x":0.5,"y":0.5}
},
{
	"filename": "3.png",
	"frame": {"x":2,"y":136,"w":52,"h":65},
	"rotated": false,
	"trimmed": true,
	"spriteSourceSize": {"x":6,"y":0,"w":52,"h":65},
	"sourceSize": {"w":65,"h":65},
	"pivot": {"x":0.5,"y":0.5}
},
{
	"filename": "4.png",
	"frame": {"x":158,"y":69,"w":54,"h":65},
	"rotated": false,
	"trimmed": true,
	"spriteSourceSize": {"x":5,"y":0,"w":54,"h":65},
	"sourceSize": {"w":65,"h":65},
	"pivot": {"x":0.5,"y":0.5}
},
{
	"filename": "5.png",
	"frame": {"x":2,"y":2,"w":51,"h":65},
	"rotated": false,
	"trimmed": true,
	"spriteSourceSize": {"x":7,"y":0,"w":51,"h":65},
	"sourceSize": {"w":65,"h":65},
	"pivot": {"x":0.5,"y":0.5}
},
{
	"filename": "6.png",
	"frame": {"x":55,"y":2,"w":55,"h":65},
	"rotated": false,
	"trimmed": true,
	"spriteSourceSize": {"x":5,"y":0,"w":55,"h":65},
	"sourceSize": {"w":65,"h":65},
	"pivot": {"x":0.5,"y":0.5}
},
{
	"filename": "7.png",
	"frame": {"x":161,"y":2,"w":57,"h":65},
	"rotated": false,
	"trimmed": true,
	"spriteSourceSize": {"x":4,"y":0,"w":57,"h":65},
	"sourceSize": {"w":65,"h":65},
	"pivot": {"x":0.5,"y":0.5}
},
{
	"filename": "8.png",
	"frame": {"x":112,"y":2,"w":47,"h":65},
	"rotated": false,
	"trimmed": true,
	"spriteSourceSize": {"x":9,"y":0,"w":47,"h":65},
	"sourceSize": {"w":65,"h":65},
	"pivot": {"x":0.5,"y":0.5}
},
{
	"filename": "9.png",
	"frame": {"x":2,"y":69,"w":53,"h":65},
	"rotated": false,
	"trimmed": true,
	"spriteSourceSize": {"x":6,"y":0,"w":53,"h":65},
	"sourceSize": {"w":65,"h":65},
	"pivot": {"x":0.5,"y":0.5}
},
{
	"filename": "bang.png",
	"frame": {"x":193,"y":136,"w":34,"h":40},
	"rotated": false,
	"trimmed": true,
	"spriteSourceSize": {"x":15,"y":13,"w":34,"h":40},
	"sourceSize": {"w":65,"h":65},
	"pivot": {"x":0.5,"y":0.5}
},
{
	"filename": "chia.png",
	"frame": {"x":43,"y":203,"w":25,"h":39},
	"rotated": false,
	"trimmed": true,
	"spriteSourceSize": {"x":19,"y":12,"w":25,"h":39},
	"sourceSize": {"w":65,"h":65},
	"pivot": {"x":0.5,"y":0.5}
},
{
	"filename": "cong.png",
	"frame": {"x":2,"y":203,"w":39,"h":40},
	"rotated": false,
	"trimmed": true,
	"spriteSourceSize": {"x":13,"y":13,"w":39,"h":40},
	"sourceSize": {"w":65,"h":65},
	"pivot": {"x":0.5,"y":0.5}
},
{
	"filename": "daucham.png",
	"frame": {"x":102,"y":203,"w":23,"h":17},
	"rotated": false,
	"trimmed": true,
	"spriteSourceSize": {"x":22,"y":40,"w":23,"h":17},
	"sourceSize": {"w":65,"h":65},
	"pivot": {"x":0.5,"y":0.5}
},
{
	"filename": "dauhoi.png",
	"frame": {"x":110,"y":136,"w":39,"h":58},
	"rotated": false,
	"trimmed": true,
	"spriteSourceSize": {"x":14,"y":3,"w":39,"h":58},
	"sourceSize": {"w":65,"h":65},
	"pivot": {"x":0.5,"y":0.5}
},
{
	"filename": "nhan.png",
	"frame": {"x":151,"y":136,"w":40,"h":41},
	"rotated": false,
	"trimmed": true,
	"spriteSourceSize": {"x":12,"y":12,"w":40,"h":41},
	"sourceSize": {"w":65,"h":65},
	"pivot": {"x":0.5,"y":0.5}
},
{
	"filename": "space.png",
	"frame": {"x":127,"y":203,"w":1,"h":1},
	"rotated": false,
	"trimmed": true,
	"spriteSourceSize": {"x":0,"y":0,"w":1,"h":1},
	"sourceSize": {"w":3,"h":2},
	"pivot": {"x":0.5,"y":0.5}
},
{
	"filename": "tru.png",
	"frame": {"x":70,"y":203,"w":30,"h":19},
	"rotated": false,
	"trimmed": true,
	"spriteSourceSize": {"x":17,"y":22,"w":30,"h":19},
	"sourceSize": {"w":65,"h":65},
	"pivot": {"x":0.5,"y":0.5}
}],
"meta": {
	"app": "http://www.codeandweb.com/texturepacker",
	"version": "1.0",
	"image": "numOk.png",
	"format": "RGBA8888",
	"size": {"w":256,"h":256},
	"scale": "1",
	"smartupdate": "$TexturePacker:SmartUpdate:23092e2e7eadcb93d4998ad31bb4232d:0c9d35cd764ae3353a21133ba740830b:bc7733b21edad35fe334f2cfda4a1215$"
}
}
